region,industry,n_firms,beta,de_ratio,tax_rate,unlevered_beta,unlevered_beta_cash,as_of
Global,Advertising,419,1.272831803339158,0.40554917010338537,0.13471057671206996,0.9771010766469344,1.0861161361977183,2026-01-05
Global,Aerospace/Defense,319,1.2309446363304495,0.13000435357647336,0.10925811124152708,1.1220780958356649,1.1666842994270814,2026-01-05
Global,Air Transport,150,0.990625140921233,0.7888537626128624,0.14618961093690874,0.6235360329766932,0.6840621552018372,2026-01-05
Global,Apparel,1207,0.7624174150098879,0.18704658759362808,0.1524329632900584,0.6690261374951384,0.7052666591336804,2026-01-05
Global,Auto & Truck,165,1.4059578359827345,0.47810709918659605,0.1156742737157233,1.0362220648082061,1.1453823854743228,2026-01-05
Global,Auto Parts,797,1.4498212873289456,0.27799918976431154,0.17283112850909202,1.2007091955738698,1.3534718796622696,2026-01-05
Global,Bank (Money Center),604,0.6974939226520271,2.1172056839541082,0.21589570882030076,0.2703390837944257,0.36276505097143535,2026-01-05
Global,Banks (Regional),825,0.5134872216822973,2.022754998452419,0.1836263180691012,0.20461065243459373,0.30036338266393103,2026-01-05
Global,Beverage (Alcoholic),217,0.7926708486212135,0.20293430738047488,0.1761972881877432,0.6884110778911088,0.7250443439894131,2026-01-05
Global,Beverage (Soft),94,0.5928484661583204,0.18720193456088913,0.13304619400183731,0.5201753853273826,0.5420226574467705,2026-01-05
Global,Broadcasting,127,0.832172827138835,0.5677225300728672,0.1519882221308051,0.5845177342850763,0.6557707626756251,2026-01-05
Global,Brokerage & Investment Banking,623,0.9846136258120903,1.7913633445837658,0.15368016417037114,0.42133422837600737,0.4895737616143335,2026-01-05
Global,Building Materials,469,1.0048303067527764,0.2277946549291506,0.16716756842302286,0.8588270090696772,0.9027205933766406,2026-01-05
Global,Business & Consumer Services,994,0.9921459759086856,0.20606925307918136,0.158173661255646,0.8599020792218192,0.9083303812347316,2026-01-05
Global,Cable TV,42,1.0969952643670762,1.24165921182802,0.100169244792237,0.5693795503883593,0.5908296327587623,2026-01-05
Global,Chemical (Basic),909,1.256025755860968,0.5047972115839878,0.14718140978860136,0.9123253003832014,1.0021472613339761,2026-01-05
Global,Chemical (Diversified),63,1.1692025395347072,0.5251915023392947,0.21129295574917814,0.8399742722518635,0.9100571271749189,2026-01-05
Global,Chemical (Specialty),952,1.153626570549779,0.23515136877561943,0.15726042292568013,0.9813976882132293,1.0428068761505285,2026-01-05
Global,Coal & Related Energy,212,1.142939745797756,0.19903127953356936,0.10660623902225472,0.9951265845992541,1.1330048763544707,2026-01-05
Global,Computer Services,1225,1.1166904823073391,0.15013413016658986,0.16580858268179186,1.0041773314395268,1.0715769620770927,2026-01-05
Global,Computers/Peripherals,343,1.4861046989510829,0.06190260779843423,0.12934110980405725,1.4204814174634879,1.468198255805328,2026-01-05
Global,Construction Supplies,804,1.0343955755170557,0.3027187253876971,0.16723043638080756,0.8437715610727968,0.916676263756567,2026-01-05
Global,Diversified,329,0.7973881744550738,0.4850302644904126,0.15181559288182597,0.5854632922685766,0.6525743978395595,2026-01-05
Global,Drugs (Biotechnology),1193,1.2307900987040603,0.12349884859063313,0.020811664176194757,1.1269246221465585,1.1808092261100824,2026-01-05
Global,Drugs (Pharmaceutical),1260,1.0625903045222254,0.1493973751589695,0.10350760120301507,0.956000751176083,0.9987543035477139,2026-01-05
Global,Education,281,0.8117409279101255,0.2860777113490164,0.1454958526582427,0.6689254753889199,0.7445772281882472,2026-01-05
Global,Electrical Equipment,1158,1.3734745939775304,0.13738025875534765,0.12197776743808095,1.245751564008433,1.3406410283101367,2026-01-05
Global,Electronics (Consumer & Office),122,1.1970577265762667,0.16334231802432714,0.13277458911063045,1.0669892109280847,1.1925872612470574,2026-01-05
Global,Electronics (General),1481,1.5981880099626622,0.1416847160789399,0.11886169364404699,1.4453569704408071,1.568504800835242,2026-01-05
Global,Engineering/Construction,1390,1.0010491996782473,0.7655187434771671,0.17657904805750513,0.6370807424250895,0.7593173946857013,2026-01-05
Global,Entertainment,733,1.01273062606517,0.12733170536377922,0.0802914183132733,0.9248447968240087,0.9820773204991382,2026-01-05
Global,Environmental & Waste Services,397,1.1018148967549475,0.356988550754999,0.128003871059393,0.8700229098715009,0.9079972563351502,2026-01-05
Global,Farming/Agriculture,428,0.6698983445718822,0.5904066711724765,0.1562795744907282,0.4650068114248285,0.4926714956404097,2026-01-05
Global,Financial Svcs. (Non-bank & Insurance),1138,0.8234879512698963,2.648144776092079,0.15905524593988163,0.27668079862657935,0.29511483099160984,2026-01-05
Global,Food Processing,1450,0.6737244514596056,0.37102595414807416,0.1635157035911877,0.527626445827316,0.5602253462264254,2026-01-05
Global,Food Wholesalers,183,0.6848175876595803,0.5824351024210169,0.1743834801387952,0.47733413191932206,0.49887742197895796,2026-01-05
Global,Furn/Home Furnishings,383,0.9675096670659729,0.2572754619927642,0.15391396458443382,0.8116659988864169,0.9383844270287286,2026-01-05
Global,Green & Renewable Energy,258,0.8366528343155816,0.7142960228465005,0.1100334750756013,0.5457336300462998,0.5668002134281666,2026-01-05
Global,Healthcare Products,842,1.1819539300300537,0.13861423686745342,0.08451238620550149,1.07114620619297,1.1165102988785227,2026-01-05
Global,Healthcare Support Services,478,0.916558867242304,0.38126240765373487,0.1462247057835288,0.7135329574533067,0.7786715730650319,2026-01-05
Global,Heathcare Information and Technology,430,1.289920212997853,0.13958439156706817,0.07858084006691447,1.1682241624760321,1.2072494398821825,2026-01-05
Global,Homebuilding,160,0.9602309512811922,0.39900852266210785,0.19727547135664208,0.7399026850041263,0.8223996026589195,2026-01-05
Global,Hospitals/Healthcare Facilities,249,0.7601799253122585,0.4658336467806488,0.18460225368681527,0.5640774639188845,0.5838514857400334,2026-01-05
Global,Hotel/Gaming,656,0.7984302381267229,0.4024019145325064,0.1506476666348678,0.6140294799538569,0.6562244487273435,2026-01-05
Global,Household Products,588,0.8301058978401478,0.15674169012073252,0.13114799604420652,0.743172330958731,0.7741444240060512,2026-01-05
Global,Information Services,86,1.023720593319527,0.3198027502093926,0.19817947026034158,0.8264683824550356,0.8737359462659163,2026-01-05
Global,Insurance (General),204,0.5102355818446773,0.30061467815217013,0.15381509699375967,0.4167404004663154,0.4730782196000951,2026-01-05
Global,Insurance (Life),143,0.8037813390844742,0.7513489195239539,0.17249527524531463,0.5150028924154638,0.7948484337173086,2026-01-05
Global,Insurance (Prop/Cas.),248,0.43182654796312653,0.1633675814005323,0.19376871797018877,0.38489916934990565,0.4123714259312061,2026-01-05
Global,Investments & Asset Management,1315,0.7483402046417704,0.6033886561927545,0.07283248080092801,0.5159867506282935,0.5657130541049615,2026-01-05
Global,Machinery,1553,1.3694737580048848,0.13555693354095483,0.15992105601929235,1.2436577087492953,1.329621716102589,2026-01-05
Global,Metals & Mining,1874,1.2362712416499424,0.2304232157144556,0.04372311543056163,1.0548705842055661,1.1256104046768172,2026-01-05
Global,Office Equipment & Services,139,0.758696340294383,0.285689718412683,0.16192545757586446,0.6253626265661992,0.7113013935053746,2026-01-05
Global,Oil/Gas (Integrated),34,0.688733058006266,0.21601776638241316,0.2826819447184662,0.593114639491203,0.6324676188577144,2026-01-05
Global,Oil/Gas (Production and Exploration),539,0.8855554675584711,0.3581608929824404,0.08958282196877995,0.6987758462207245,0.7463854591601625,2026-01-05
Global,Oil/Gas Distribution,186,0.6534778887963208,0.6154001929641649,0.12144139205339988,0.4478105298674708,0.4611542527144429,2026-01-05
Global,Oilfield Svcs/Equip.,431,0.9482360006929875,0.3966307373470815,0.13728030330169913,0.7316604648552939,0.7996508694362168,2026-01-05
Global,Packaging & Container,438,0.7591351325704163,0.5264689021137591,0.16665209705491435,0.5450018618461938,0.5755524439641465,2026-01-05
Global,Paper/Forest Products,271,0.8886903362780022,0.7808078248889015,0.1250668142375533,0.561496719765989,0.6106540110372702,2026-01-05
Global,Power,486,0.713095834385215,0.858657624884019,0.17860633840608242,0.4345982448906888,0.45529282820391004,2026-01-05
Global,Precious Metals,777,1.3975027216705875,0.09055723216993652,0.05111634044564177,1.309034428081994,1.3739381911113473,2026-01-05
Global,Publishing & Newspapers,307,0.8166280629364139,0.27988908403246954,0.15033744769855703,0.6755238208023111,0.7787889630268272,2026-01-05
Global,R.E.I.T.,643,0.5649158041768807,0.8007445430582508,0.03972064845574495,0.35360374403773404,0.3617107801017127,2026-01-05
Global,Real Estate (Development),895,0.9255963509212772,1.9118433428437633,0.14520460702373283,0.38140474606401226,0.4459430094478332,2026-01-05
Global,Real Estate (General/Diversified),312,0.9278510967823941,0.8855910470521566,0.1428570535355463,0.5586379819840572,0.5976415577929464,2026-01-05
Global,Real Estate (Operations & Services),752,0.7817615978661525,0.8250235343665596,0.14271538235755496,0.4838486781679157,0.5141243820700275,2026-01-05
Global,Recreation,332,1.0063798615892963,0.3336766048658676,0.14766314238957798,0.8057337473201284,0.8899705656165486,2026-01-05
Global,Reinsurance,32,0.9894656018903776,0.20279572440844443,0.1774437521312097,0.8593986654855044,0.9526677446916421,2026-01-05
Global,Restaurant/Dining,410,0.7547042188005285,0.2601403000064184,0.1521225770596238,0.6320050485381618,0.6606263564759781,2026-01-05
Global,Retail (Automotive),212,0.8345533783845093,0.527485319407323,0.16931673041612924,0.5988203756771432,0.6298056345182907,2026-01-05
Global,Retail (Building Supply),121,0.9448886263181572,0.2595179795427864,0.1843887301146109,0.7915773048262033,0.8046541261441439,2026-01-05
Global,Retail (Distributors),1079,0.8135943038880372,0.4833561690752768,0.1748253846722432,0.5979107360036378,0.6427870354354531,2026-01-05
Global,Retail (General),252,0.9825458040668552,0.13044547060633102,0.17673882300840116,0.8953793243235615,0.9372779491064982,2026-01-05
Global,Retail (Grocery and Food),215,0.8735269236418004,0.45961164256362147,0.2080925358647144,0.6504256220517943,0.6905168684866784,2026-01-05
Global,Retail (REITs),113,0.6078154093364273,0.7113264128682715,0.0682137936717401,0.39704104696291403,0.4073102020389581,2026-01-05
Global,Retail (Special Lines),649,0.9604159304469734,0.1836495038779235,0.16921245549418756,0.8446501826704906,0.9036386392039154,2026-01-05
Global,Rubber& Tires,91,0.9407597331040694,0.44120677461461894,0.18036518549125957,0.7077252038858357,0.7807467415051133,2026-01-05
Global,Semiconductor,675,1.8767658886551528,0.04125298692135482,0.08455188140183831,1.8207114554678527,1.8688970322549403,2026-01-05
Global,Semiconductor Equip,391,2.1257667102617472,0.05609079090864195,0.1218586972637093,2.0403562602103698,2.117251565837131,2026-01-05
Global,Shipbuilding & Marine,359,0.8743989647644601,0.4169437731135859,0.1506234132703901,0.6668869843365539,0.7871248113700747,2026-01-05
Global,Shoe,84,0.9183732849112812,0.14294017958392172,0.15070819946543648,0.82984818722974,0.8938187049899886,2026-01-05
Global,Software (Entertainment),298,1.2464073160794664,0.03136994094591206,0.10873135194453112,1.217894711745312,1.2346330983114904,2026-01-05
Global,Software (Internet),150,1.3921316886176907,0.10012495240544944,0.11324917800182623,1.2953396942447053,1.3370400063421872,2026-01-05
Global,Software (System & Application),1532,1.3539552694451324,0.058356095044611936,0.09035165721298412,1.297449832337703,1.3309502549413545,2026-01-05
Global,Steel,719,1.1288582378500207,0.4733555833912187,0.1454820371476613,0.8341736548649583,0.929347814691143,2026-01-05
Global,Telecom (Wireless),101,0.7824176683719886,0.49967519812786204,0.17669932539189387,0.5698982714970884,0.6028420822440717,2026-01-05
Global,Telecom. Equipment,437,1.3279185095980879,0.09624938101189369,0.08268900800414042,1.2389253691334448,1.2979321307103502,2026-01-05
Global,Telecom. Services,283,0.7289777763741335,0.7318091840259973,0.15396096284202662,0.4714795824263344,0.49625571682046693,2026-01-05
Global,Tobacco,48,0.4272798643267071,0.2366201258396629,0.20130112886956675,0.36315114833403855,0.3743139650447623,2026-01-05
Global,Transportation,451,0.9638627393739637,0.5346982882783899,0.17587506667665864,0.6889431792910944,0.7474630967654462,2026-01-05
Global,Transportation (Railroads),54,0.7199789317393676,0.4744128747096817,0.24190399027694123,0.5317208598212859,0.5543601703442842,2026-01-05
Global,Trucking,130,0.8497807821021479,0.39874516502446133,0.20028822566740423,0.6548948651035325,0.6772463794887177,2026-01-05
Global,Utility (General),52,0.5038591187475229,0.7622819820690094,0.1853773565541158,0.3211562210936009,0.3343806185124047,2026-01-05
Global,Utility (Water),106,0.7045959106451266,0.9127189532318376,0.16090003578998832,0.41911240306872116,0.44533853048776256,2026-01-05
